id,firstname,lastname,email,email2,profession
100,Fayre,Kannry,Fayre.Kannry@yopmail.com,Fayre.Kannry@gmail.com,worker
101,Katuscha,Zaslow,Katuscha.Zaslow@yopmail.com,Katuscha.Zaslow@gmail.com,police officer
102,Netty,Orlene,Netty.Orlene@yopmail.com,Netty.Orlene@gmail.com,police officer
103,Renie,Redmond,Renie.Redmond@yopmail.com,Renie.Redmond@gmail.com,worker
104,Ana,Jefferey,Ana.Jefferey@yopmail.com,Ana.Jefferey@gmail.com,police officer
105,Janenna,Engdahl,Janenna.Engdahl@yopmail.com,Janenna.Engdahl@gmail.com,worker
106,Sashenka,Anis,Sashenka.Anis@yopmail.com,Sashenka.Anis@gmail.com,developer
107,Ulrike,Paton,Ulrike.Paton@yopmail.com,Ulrike.Paton@gmail.com,police officer
108,Marjie,Faust,Marjie.Faust@yopmail.com,Marjie.Faust@gmail.com,doctor
109,Justinn,Dosia,Justinn.Dosia@yopmail.com,Justinn.Dosia@gmail.com,police officer
110,Almeta,Marisa,Almeta.Marisa@yopmail.com,Almeta.Marisa@gmail.com,developer
111,Vinita,Tarrant,Vinita.Tarrant@yopmail.com,Vinita.Tarrant@gmail.com,firefighter
112,Ileana,Vastah,Ileana.Vastah@yopmail.com,Ileana.Vastah@gmail.com,firefighter
113,Theodora,Weitman,Theodora.Weitman@yopmail.com,Theodora.Weitman@gmail.com,doctor
114,Jemie,Bonilla,Jemie.Bonilla@yopmail.com,Jemie.Bonilla@gmail.com,police officer
115,Millie,Brackely,Millie.Brackely@yopmail.com,Millie.Brackely@gmail.com,worker
116,Bill,Fancie,Bill.Fancie@yopmail.com,Bill.Fancie@gmail.com,worker
117,Aaren,Madox,Aaren.Madox@yopmail.com,Aaren.Madox@gmail.com,doctor
118,Shauna,Carmena,Shauna.Carmena@yopmail.com,Shauna.Carmena@gmail.com,police officer
119,Winny,Callista,Winny.Callista@yopmail.com,Winny.Callista@gmail.com,doctor
120,Leeanne,Pearse,Leeanne.Pearse@yopmail.com,Leeanne.Pearse@gmail.com,doctor
121,Edyth,Stuart,Edyth.Stuart@yopmail.com,Edyth.Stuart@gmail.com,firefighter
122,Petronia,Francyne,Petronia.Francyne@yopmail.com,Petronia.Francyne@gmail.com,developer
123,Dolli,Marsden,Dolli.Marsden@yopmail.com,Dolli.Marsden@gmail.com,developer
124,Eolanda,Dom,Eolanda.Dom@yopmail.com,Eolanda.Dom@gmail.com,developer
125,Briney,Macey,Briney.Macey@yopmail.com,Briney.Macey@gmail.com,worker
126,Carolina,Tristram,Carolina.Tristram@yopmail.com,Carolina.Tristram@gmail.com,police officer
127,Cherrita,Sasnett,Cherrita.Sasnett@yopmail.com,Cherrita.Sasnett@gmail.com,worker
128,Lorie,Raimondo,Lorie.Raimondo@yopmail.com,Lorie.Raimondo@gmail.com,firefighter
129,Damaris,Selway,Damaris.Selway@yopmail.com,Damaris.Selway@gmail.com,firefighter
130,Rosene,Grosz,Rosene.Grosz@yopmail.com,Rosene.Grosz@gmail.com,doctor
131,Emilia,Erich,Emilia.Erich@yopmail.com,Emilia.Erich@gmail.com,police officer
132,Meriel,Vastah,Meriel.Vastah@yopmail.com,Meriel.Vastah@gmail.com,developer
133,Wilma,Wittie,Wilma.Wittie@yopmail.com,Wilma.Wittie@gmail.com,firefighter
134,Hayley,Berriman,Hayley.Berriman@yopmail.com,Hayley.Berriman@gmail.com,doctor
135,Aigneis,Kiyoshi,Aigneis.Kiyoshi@yopmail.com,Aigneis.Kiyoshi@gmail.com,police officer
136,Charmaine,Fredi,Charmaine.Fredi@yopmail.com,Charmaine.Fredi@gmail.com,doctor
137,Stephanie,Paine,Stephanie.Paine@yopmail.com,Stephanie.Paine@gmail.com,doctor
138,Tilly,Knowling,Tilly.Knowling@yopmail.com,Tilly.Knowling@gmail.com,doctor
139,Dione,Garlinda,Dione.Garlinda@yopmail.com,Dione.Garlinda@gmail.com,firefighter
140,Valli,Parette,Valli.Parette@yopmail.com,Valli.Parette@gmail.com,developer
141,Kristan,Bultman,Kristan.Bultman@yopmail.com,Kristan.Bultman@gmail.com,developer
142,Dede,Ophelia,Dede.Ophelia@yopmail.com,Dede.Ophelia@gmail.com,doctor
143,Gilda,Mallon,Gilda.Mallon@yopmail.com,Gilda.Mallon@gmail.com,firefighter
144,Wynne,Narton,Wynne.Narton@yopmail.com,Wynne.Narton@gmail.com,firefighter
145,Cathyleen,Dawkins,Cathyleen.Dawkins@yopmail.com,Cathyleen.Dawkins@gmail.com,developer
146,Tonia,Leifeste,Tonia.Leifeste@yopmail.com,Tonia.Leifeste@gmail.com,firefighter
147,Brooks,Pearse,Brooks.Pearse@yopmail.com,Brooks.Pearse@gmail.com,worker
148,Darlleen,Ogren,Darlleen.Ogren@yopmail.com,Darlleen.Ogren@gmail.com,worker
149,Jennica,Dichy,Jennica.Dichy@yopmail.com,Jennica.Dichy@gmail.com,firefighter